종목명,티커,당일종가,전날종가,변화량,변화율(%),PER,PER_해석,PBR,PBR_해석,ROE,ROE_해석,Debt/Equity,Debt/Equity_해석,Dividend Yield,배당률_해석,Profit Margin,이익률_해석,Forward PE,Forward PE_해석,52주 변화율,52주 해석,RSI,RSI_해석,5일 이평선,5일 이평선_해석,20일 이평선,20일 이평선_해석,거래량,시가총액,지표명,코드,날짜,값,빈칸1,빈칸2,빈칸3,빈칸4,빈칸5,빈칸6,빈칸7,빈칸8,빈칸9,빈칸10,빈칸11,빈칸12,빈칸13,빈칸14,빈칸15,빈칸16,빈칸17,빈칸18,빈칸19,빈칸20,빈칸21,빈칸22,빈칸23,빈칸24,빈칸25,빈칸26,단위
삼성전자,005930.KS,56200.0,56100.0,100.0,0.18,10.89,중립,0.95,매수,0.09228,매수,2.741,매수,2.58,중립,0.113690004,중립,9.365739,매수,-0.23673469,매도,41.46,중립,55360.00 (매수),매수,55645.00 (중립),중립,26219683,369.7조,,,,,,,,,,,,,,,,,,,,,,,,,,,,,,,
SK하이닉스,000660.KS,204500.0,212000.0,-7500.0,-3.54,5.73,매수,1.73,중립,0.37954,매도,31.906,매수,1.11,중립,0.36380002,매수,4.6001086,매수,0.12050736,중립,58.61,중립,205778.79 (중립),중립,198079.86 (매수),매수,4826628,146.4조,,,,,,,,,,,,,,,,,,,,,,,,,,,,,,,
LG에너지솔루션,373220.KS,286000.0,288000.0,-2000.0,-0.69,수집 실패,해석불가,3.16,매도,0.012180001,매수,56.323,중립,수집 실패,해석불가,-0.04519,매도,40.859695,매도,-0.12990934,매도,31.02,중립,282700.00 (매수),매수,298100.00 (매도),매도,224384,66.9조,,,,,,,,,,,,,,,,,,,,,,,,,,,,,,,
삼성바이오로직스,207940.KS,1032000.0,1026000.0,6000.0,0.58,57.41,매도,6.51,매도,0.12020001,중립,12.584,매수,수집 실패,해석불가,0.26119,매수,44.259552,매도,0.40547943,매수,57.79,중립,1031000.00 (중립),중립,1032800.00 (중립),중립,116149,73.5조,,,,,,,,,,,,,,,,,,,,,,,,,,,,,,,
삼성물산,005935.KS,46100.0,46150.0,-50.0,-0.11,8.93,매수,0.78,매수,0.09228,매수,2.741,매수,3.14,매수,0.113690004,중립,8.329,매수,-0.23466003,매도,38.26,중립,45470.00 (매수),매수,45977.50 (중립),중립,3537981,369.7조,,,,,,,,,,,,,,,,,,,,,,,,,,,,,,,
현대차,005380.KS,185300.0,191000.0,-5700.0,-2.98,4.04,매수,0.44,매수,0.11689,중립,130.144,중립,6.54,매수,0.06958,중립,3.7113025,매수,-0.24505931,매도,39.98,중립,183721.51 (중립),중립,186597.88 (중립),중립,781444,47.4조,,,,,,,,,,,,,,,,,,,,,,,,,,,,,,,
기아,000270.KS,89400.0,93200.0,-3800.0,-4.08,3.81,매수,0.63,매수,0.18119,중립,5.497,매수,7.27,매수,0.08565,중립,3.6338403,매수,-0.20815635,매도,42.27,중립,89580.00 (중립),중립,90240.00 (중립),중립,1535385,36.9조,,,,,,,,,,,,,,,,,,,,,,,,,,,,,,,
POSCO홀딩스,005490.KS,250000.0,254500.0,-4500.0,-1.77,24.30,중립,0.34,매수,0.01121,매수,45.583,매수,3.93,매수,0.011879999,매도,9.80066,매수,-0.3102981,매도,41.59,중립,246000.00 (매수),매수,247850.73 (중립),중립,441162,18.9조,,,,,,,,,,,,,,,,,,,,,,,,,,,,,,,
LG화학,035420.KS,187500.0,189300.0,-1800.0,-0.95,16.37,중립,1.06,중립,0.06847,매수,15.712,매수,0.6,매수,0.16707,매수,13.563479,중립,0.11222088,중립,45.42,중립,187260.00 (중립),중립,189055.00 (중립),중립,989028,28.3조,,,,,,,,,,,,,,,,,,,,,,,,,,,,,,,
NAVER,035720.KS,42700.0,44000.0,-1300.0,-2.95,123.41,매도,1.80,중립,-0.00206,매수,28.667,매수,0.16,매수,0.0198,매도,38.172985,매도,0.01616633,중립,69.66,중립,41670.00 (매수),매수,38535.00 (매수),매수,3539065,18.7조,,,,,,,,,,,,,,,,,,,,,,,,,,,,,,,
삼성SDI,051910.KS,197300.0,199300.0,-2000.0,-1.0,수집 실패,해석불가,0.47,매수,-0.00803,매수,61.12,중립,0.51,매수,-0.0189,매도,7.894589,매수,-0.4330014,매도,39.35,중립,192220.00 (매수),매수,198265.00 (중립),중립,500660,14.7조,,,,,,,,,,,,,,,,,,,,,,,,,,,,,,,
현대모비스,012330.KS,253000.0,263000.0,-10000.0,-3.8,5.58,매수,0.49,매수,0.095970005,매수,7.834,매수,2.37,중립,0.0727,중립,5.156032,매수,0.22610724,매수,42.59,중립,251400.00 (중립),중립,253625.00 (중립),중립,253174,22.9조,,,,,,,,,,,,,,,,,,,,,,,,,,,,,,,
LG전자,066570.KS,71100.0,72200.0,-1100.0,-1.52,18.59,중립,0.58,매수,0.04563,매수,57.793,중립,1.39,중립,0.00774,매도,5.834247,매수,-0.3110687,매도,42.98,중립,71020.00 (중립),중립,71140.00 (중립),중립,592255,12.2조,,,,,,,,,,,,,,,,,,,,,,,,,,,,,,,
신한지주,055550.KS,58100.0,57500.0,600.0,1.04,6.65,매수,0.52,매수,0.081429996,매수,수집 실패,해석불가,3.97,매수,0.31529,매수,5.4422784,매수,0.21951222,매수,98.48,매도,57000.00 (매수),매수,53400.00 (매수),매수,2273662,28.4조,,,,,,,,,,,,,,,,,,,,,,,,,,,,,,,
KB금융,105560.KS,104300.0,102700.0,1600.0,1.56,8.21,매수,0.67,매수,0.09505,매수,수집 실패,해석불가,3.55,매수,0.38395,매수,6.583488,매수,0.29345083,매수,86.23,매도,102380.00 (매수),매수,96110.74 (매수),매수,3421277,38.3조,,,,,,,,,,,,,,,,,,,,,,,,,,,,,,,
하나금융지주,086790.KS,72700.0,72200.0,500.0,0.69,5.65,매수,0.48,매수,수집 실패,해석불가,수집 실패,해석불가,5.37,매수,0.32712,매수,4.969796,매수,0.1701783,중립,91.49,매도,71080.00 (매수),매수,66933.94 (매수),매수,1639475,20.4조,,,,,,,,,,,,,,,,,,,,,,,,,,,,,,,
삼성생명,032640.KS,12800.0,12870.0,-70.0,-0.54,13.66,중립,0.64,매수,0.0397,매수,71.68,중립,5.08,매수,0.02765,매도,8.120825,매수,0.33367872,매수,44.69,중립,12848.00 (중립),중립,12764.00 (중립),중립,2295951,5.5조,,,,,,,,,,,,,,,,,,,,,,,,,,,,,,,
한국전력,015760.KS,30350.0,29550.0,800.0,2.71,3.71,매수,0.46,매수,0.13266,중립,317.29,매도,0.72,매수,0.055749997,중립,2.3719442,매수,0.5192802,매수,67.16,중립,30500.00 (중립),중립,28207.50 (매수),매수,3001453,19.5조,,,,,,,,,,,,,,,,,,,,,,,,,,,,,,,
대한항공,003490.KS,22500.0,22900.0,-400.0,-1.75,6.77,매수,0.79,매수,0.12618,중립,180.876,매도,3.33,매수,0.061139997,중립,5.217324,매수,0.09832132,중립,48.48,중립,22690.00 (중립),중립,22342.50 (중립),중립,1815349,8.5조,,,,,,,,,,,,,,,,,,,,,,,,,,,,,,,
HMM,011780.KS,115500.0,115200.0,300.0,0.26,9.49,매수,0.49,매수,0.062030002,매수,15.678,매수,1.9,중립,0.05017,중립,6.5807395,매수,-0.21845317,매도,50.57,중립,113980.00 (매수),매수,113945.00 (매수),매수,70831,2.8조,,,,,,,,,,,,,,,,,,,,,,,,,,,,,,,
SK이노베이션,096770.KS,89500.0,89800.0,-300.0,-0.33,수집 실패,해석불가,0.55,매수,-0.07084,매수,142.038,중립,2.23,중립,-0.03138,매도,11.4578,중립,-0.102,매도,43.72,중립,86320.00 (매수),매수,88365.00 (매수),매수,662965,13.3조,,,,,,,,,,,,,,,,,,,,,,,,,,,,,,,
KT&G,005180.KS,90500.0,89000.0,1500.0,1.69,9.24,매수,1.14,중립,0.14376001,중립,12.492,매수,3.65,매수,0.06561,중립,6.783091,매수,-0.52030265,매도,40.24,중립,88820.00 (매수),매수,90650.00 (중립),중립,46726,8002억,,,,,,,,,,,,,,,,,,,,,,,,,,,,,,,
S-Oil,010950.KS,54400.0,55900.0,-1500.0,-2.68,수집 실패,해석불가,0.73,매수,-0.04567,매수,86.853,중립,2.99,중립,-0.01112,매도,9.422924,매수,-0.18035191,매도,59.26,중립,55360.00 (매도),매도,52610.00 (매수),매수,350062,6.3조,,,,,,,,,,,,,,,,,,,,,,,,,,,,,,,
우리금융지주,032830.KS,98900.0,99400.0,-500.0,-0.5,9.39,매수,0.58,매수,0.05865,매수,72.934,중립,4.55,매수,0.07344,중립,7.501128,매수,0.17912221,중립,72.82,매도,98220.00 (중립),중립,89700.00 (매수),매수,804456,17.8조,,,,,,,,,,,,,,,,,,,,,,,,,,,,,,,
삼성전기,009150.KS,122200.0,124000.0,-1800.0,-1.45,15.06,중립,1.05,중립,0.07156,매수,22.87,매수,1.47,중립,0.06044,중립,10.987173,중립,-0.19999999,매도,43.08,중립,121880.00 (중립),중립,120890.00 (매수),매수,495787,9.0조,,,,,,,,,,,,,,,,,,,,,,,,,,,,,,,
크래프톤,259960.KS,369000.0,377500.0,-8500.0,-2.25,13.33,중립,2.33,중립,0.20214,매도,3.538,매수,수집 실패,해석불가,0.45515,매수,13.742706,중립,0.51,매수,44.97,중립,378600.00 (매도),매도,378050.00 (매도),매도,400973,16.8조,,,,,,,,,,,,,,,,,,,,,,,,,,,,,,,
넷마블,251270.KS,51100.0,51000.0,100.0,0.2,43.20,매도,0.77,매수,0.01761,매수,28.713,매수,0.82,매수,0.037609998,매도,19.561901,중립,-0.15282393,매도,52.46,중립,51480.00 (중립),중립,50047.50 (매수),매수,109373,4.2조,,,,,,,,,,,,,,,,,,,,,,,,,,,,,,,
엔씨소프트,036570.KS,152500.0,158900.0,-6400.0,-4.03,44.75,매도,0.98,매수,0.023710001,매수,12.467,매수,0.96,매수,0.04856,매도,12.89564,중립,-0.16500264,매도,53.48,중립,155640.00 (매도),매도,153210.00 (중립),중립,1720727,3.0조,,,,,,,,,,,,,,,,,,,,,,,,,,,,,,,
고려아연,000220.KS,4615.0,4630.0,-15.0,-0.32,14.74,중립,0.69,매수,0.058870003,매수,25.043,매수,2.17,중립,0.046269998,매도,수집 실패,해석불가,-0.074,중립,57.25,중립,4623.00 (중립),중립,4593.50 (중립),중립,48343,755억,,,,,,,,,,,,,,,,,,,,,,,,,,,,,,,
아모레퍼시픽,090430.KS,133700.0,134300.0,-600.0,-0.45,14.76,중립,1.74,중립,0.12487,중립,7.518,매수,0.84,매수,0.15475,매수,21.522062,중립,-0.30844492,매도,69.37,중립,135100.00 (매도),매도,127155.00 (매수),매수,418641,8.3조,,,,,,,,,,,,,,,,,,,,,,,,,,,,,,,
LG디스플레이,034220.KS,8610.0,8500.0,110.0,1.29,수집 실패,해석불가,0.69,매수,-0.21699,매수,200.002,매도,수집 실패,해석불가,-0.07446,매도,10.949104,중립,-0.14400804,매도,46.1,중립,8352.00 (매수),매수,8422.50 (매수),매수,2993387,4.3조,,,,,,,,,,,,,,,,,,,,,,,,,,,,,,,
한국타이어,000240.KS,20300.0,19890.0,410.0,2.06,5.47,매수,0.43,매수,0.08194,매수,5.531,매수,4.93,매수,0.24604,매수,5.072464,매수,0.3146068,매수,85.04,매도,18080.00 (매수),매수,16557.00 (매수),매수,1302629,1.9조,,,,,,,,,,,,,,,,,,,,,,,,,,,,,,,
한국항공우주,042670.KS,9450.0,9250.0,200.0,2.16,22.88,중립,0.96,매수,0.043470003,매수,71.032,중립,0.74,매수,0.020280002,매도,8.964144,매수,0.11311674,중립,63.06,중립,8950.00 (매수),매수,8728.00 (매수),매수,2077543,1.8조,,,,,,,,,,,,,,,,,,,,,,,,,,,,,,,
LS ELECTRIC,010120.KS,252500.0,255000.0,-2500.0,-0.98,32.91,매도,4.09,매도,0.12768,중립,72.255,중립,1.15,중립,0.050640002,중립,18.67931,중립,0.19437945,중립,64.71,중립,255000.00 (중립),중립,238675.00 (매수),매수,221129,7.5조,,,,,,,,,,,,,,,,,,,,,,,,,,,,,,,
한미사이언스,019570.KS,335.0,353.0,-18.0,-5.1,수집 실패,해석불가,0.58,매수,수집 실패,해석불가,수집 실패,해석불가,수집 실패,해석불가,수집 실패,해석불가,수집 실패,해석불가,수집 실패,해석불가,59.35,중립,332.00 (중립),중립,297.00 (매수),매수,수집 실패,수집 실패,,,,,,,,,,,,,,,,,,,,,,,,,,,,,,,
SK,024110.KS,15740.0,15640.0,100.0,0.64,4.75,매수,0.37,매수,0.08038,매수,수집 실패,해석불가,6.77,매수,0.30255,매수,4.501532,매수,0.13662791,중립,68.64,중립,15548.00 (매수),매수,15383.50 (매수),매수,1932130,12.6조,,,,,,,,,,,,,,,,,,,,,,,,,,,,,,,
GS리테일,007070.KS,15340.0,15230.0,110.0,0.72,수집 실패,해석불가,0.41,매수,-0.01264,매수,99.023,중립,3.26,매수,-0.00226,매도,8.193818,매수,-0.38678914,매도,66.2,중립,14978.00 (매수),매수,14369.50 (매수),매수,275605,1.3조,,,,,,,,,,,,,,,,,,,,,,,,,,,,,,,
이마트,139480.KS,91300.0,91200.0,100.0,0.11,수집 실패,해석불가,0.24,매수,-0.03839,매수,67.671,중립,2.19,중립,-0.01883,매도,10.309843,중립,0.48776507,매수,61.46,중립,89020.00 (매수),매수,87815.00 (매수),매수,124299,2.4조,,,,,,,,,,,,,,,,,,,,,,,,,,,,,,,
롯데케미칼,011170.KS,59700.0,59700.0,0.0,0.0,수집 실패,해석불가,0.17,매수,-0.09887,매수,50.53,중립,3.35,매수,-0.08969,매도,-47.18033,매수,-0.47214854,매도,28.91,매수,58940.00 (매수),매수,59865.00 (중립),중립,143185,2.5조,,,,,,,,,,,,,,,,,,,,,,,,,,,,,,,
한화,004020.KS,28200.0,28400.0,-200.0,-0.7,수집 실패,해석불가,0.20,매수,-0.00401,매수,55.557,중립,2.66,중립,-0.0043,매도,9.855226,매수,-0.042158544,중립,63.46,중립,27250.00 (매수),매수,25530.00 (매수),매수,573105,3.7조,,,,,,,,,,,,,,,,,,,,,,,,,,,,,,,
롯데쇼핑,067010.KS,2885.0,2875.0,10.0,0.35,수집 실패,해석불가,0.62,매수,수집 실패,해석불가,수집 실패,해석불가,수집 실패,해석불가,수집 실패,해석불가,수집 실패,해석불가,수집 실패,해석불가,43.75,중립,2857.00 (중립),중립,2878.25 (중립),중립,수집 실패,수집 실패,,,,,,,,,,,,,,,,,,,,,,,,,,,,,,,
삼천리,006800.KS,15550.0,16560.0,-1010.0,-6.1,12.65,중립,0.75,매수,0.085760005,매수,705.972,매도,1.61,중립,0.0,매도,9.823121,매수,1.2968099,중립,72.73,매도,14524.00 (매수),매수,13141.00 (매수),매수,6081417,8.2조,,,,,,,,,,,,,,,,,,,,,,,,,,,,,,,
셀트리온,068270.KS,161000.0,158700.0,2300.0,1.45,71.75,매도,2.00,중립,0.02954,매수,12.918,매수,0.44,매수,0.13896,중립,27.039919,매도,-0.05428493,중립,74.73,매도,156860.00 (매수),매수,156285.00 (매수),매수,868300,35.1조,,,,,,,,,,,,,,,,,,,,,,,,,,,,,,,
한국가스공사,033780.KS,120200.0,121000.0,-800.0,-0.66,13.53,중립,1.43,중립,0.12489,중립,15.516,매수,4.49,매수,0.18583,매수,10.92696,중립,0.4491018,매수,60.41,중립,122460.00 (매도),매도,118555.00 (매수),매수,632476,13.0조,,,,,,,,,,,,,,,,,,,,,,,,,,,,,,,
신세계,000810.KS,404500.0,399500.0,5000.0,1.25,9.86,매수,1.10,중립,0.12508,중립,수집 실패,해석불가,4.7,매수,0.113690004,중립,7.383088,매수,0.14634144,중립,63.64,중립,397700.00 (매수),매수,380550.00 (매수),매수,247976,16.9조,,,,,,,,,,,,,,,,,,,,,,,,,,,,,,,
대우건설,007310.KS,398000.0,395000.0,3000.0,0.76,13.03,중립,0.67,매수,0.057550002,매수,40.943,매수,2.26,중립,0.03422,매도,9.619801,매수,-0.13186812,매도,50.86,중립,394400.00 (중립),중립,394775.00 (중립),중립,3580,1.4조,,,,,,,,,,,,,,,,,,,,,,,,,,,,,,,
삼성중공업,086280.KS,113400.0,115000.0,-1600.0,-1.39,7.16,매수,0.95,매수,0.14105,중립,45.168,매수,3.26,매수,0.04089,매도,5.5596437,매수,0.28133702,매수,57.5,중립,112420.00 (중립),중립,110610.00 (매수),매수,320553,8.5조,,,,,,,,,,,,,,,,,,,,,,,,,,,,,,,
한국항공우주,003030.KS,242000.0,238500.0,3500.0,1.47,21.62,중립,0.48,매수,0.04486,매수,83.775,중립,0.74,매수,0.0124,매도,수집 실패,해석불가,0.13033175,중립,70.0,중립,236200.00 (매수),매수,226150.00 (매수),매수,12425,9778억,,,,,,,,,,,,,,,,,,,,,,,,,,,,,,,
SK네트웍스,000720.KS,63800.0,66900.0,-3100.0,-4.63,수집 실패,해석불가,0.89,매수,-0.07915,매수,34.022,매수,0.94,매수,-0.0064499998,매도,9.330813,매수,1.0150602,중립,81.72,매도,62340.00 (매수),매수,49220.00 (매수),매수,3060752,7.1조,,,,,,,,,,,,,,,,,,,,,,,,,,,,,,,
아모레퍼시픽,023530.KS,80600.0,78700.0,1900.0,2.41,수집 실패,해석불가,0.15,매수,-0.07577,매수,86.404,중립,4.71,매수,-0.073920004,매도,8.740478,매수,0.19423366,중립,64.46,중립,78320.00 (매수),매수,74475.00 (매수),매수,118257,2.3조,,,,,,,,,,,,,,,,,,,,,,,,,,,,,,,
대우조선해양,003060.KS,658.0,646.0,12.0,1.86,수집 실패,해석불가,0.39,매수,-0.40777,매수,52.616,중립,수집 실패,해석불가,-2.06914,매도,수집 실패,해석불가,-0.46076792,매도,46.31,중립,644.20 (매수),매수,660.80 (중립),중립,272216,1300억,,,,,,,,,,,,,,,,,,,,,,,,,,,,,,,
한화에어로스페이스,027410.KS,4260.0,4025.0,235.0,5.84,4.69,매수,0.24,매수,0.03022,매수,6.037,매수,3.05,매수,0.19633,매수,5.7489877,매수,0.12745094,중립,88.64,매도,3922.00 (매수),매수,3720.25 (매수),매수,2624967,4077억,,,,,,,,,,,,,,,,,,,,,,,,,,,,,,,
Apple,AAPL,200.85,199.95,0.9,0.45,31.285048,매도,44.922836,매도,1.38015,매도,146.994,중립,0.52,매수,0.24301,매수,24.169674,중립,0.040052056,중립,53.32,중립,199.34 (중립),중립,203.40 (매도),매도,69799163,3.0조,,,,,,,,,,,,,,,,,,,,,,,,,,,,,,,
Microsoft,MSFT,460.36,458.68,1.68,0.37,35.60402,매도,10.63187,매도,0.3361,매도,32.626,매수,0.72,매수,0.35789,매수,30.79331,매도,0.10490692,중립,71.87,매도,457.45 (중립),중립,448.91 (매수),매수,34746071,3.4조,,,,,,,,,,,,,,,,,,,,,,,,,,,,,,,
NVIDIA,NVDA,135.13,139.19,-4.06,-2.92,43.590324,매도,39.30483,매도,1.15463,매도,12.267,매수,0.03,매수,0.51694,매수,32.798546,매도,0.26959944,매수,73.32,매도,135.18 (중립),중립,128.10 (매수),매수,323313507,3.3조,,,,,,,,,,,,,,,,,,,,,,,,,,,,,,,
Alphabet,GOOG,172.85,172.96,-0.11,-0.06,19.291296,중립,6.0851965,매도,0.34789002,매도,8.254,매수,0.49,매수,0.30857,매수,19.31285,중립,-0.0057484508,중립,77.62,매도,172.55 (중립),중립,165.90 (매수),매수,35404299,2.1조,,,,,,,,,,,,,,,,,,,,,,,,,,,,,,,
Amazon,AMZN,205.01,205.7,-0.69,-0.34,33.443718,매도,7.113463,매도,0.2524,매도,51.641,중립,수집 실패,해석불가,0.1014,중립,33.334957,매도,0.16583538,중립,64.02,중립,204.49 (중립),중립,200.66 (매수),매수,50837119,2.2조,,,,,,,,,,,,,,,,,,,,,,,,,,,,,,,
Meta Platforms,META,647.49,645.05,2.44,0.38,25.282701,매도,8.828968,매도,0.39835,매도,26.763,매수,0.33,매수,0.39113998,매수,25.592491,매도,0.38176644,매수,72.56,매도,641.10 (중립),중립,628.25 (매수),매수,15979200,1.6조,,,,,,,,,,,,,,,,,,,,,,,,,,,,,,,
Tesla,TSLA,346.46,358.43,-11.97,-3.34,196.85226,매도,14.943927,매도,0.087740004,매수,17.407,매수,수집 실패,해석불가,0.063829996,중립,106.9321,매도,1.012747,중립,68.34,중립,352.80 (매도),매도,326.03 (매수),매수,122775188,1.1조,,,,,,,,,,,,,,,,,,,,,,,,,,,,,,,
Berkshire Hathaway,BRK-B,503.96,506.18,-2.22,-0.44,13.435351,중립,0.0011078147,매수,0.13187,중립,19.175,매수,수집 실패,해석불가,0.21788,매수,25.097609,매도,0.2214768,매수,40.27,중립,505.17 (중립),중립,510.92 (매도),매도,3457454,1.1조,,,,,,,,,,,,,,,,,,,,,,,,,,,,,,,
Visa,V,365.19,362.4,2.79,0.77,36.628887,매도,18.443008,매도,0.50655,매도,54.594,중립,0.65,매수,0.52859,매수,28.845972,매도,0.33010352,매수,65.77,중립,360.03 (매수),매수,357.03 (매수),매수,8723859,6996억,,,,,,,,,,,,,,,,,,,,,,,,,,,,,,,
Johnson & Johnson,JNJ,155.21,153.58,1.63,1.06,17.283966,중립,4.780252,매도,0.29447,매도,66.896,중립,3.39,매수,0.24415001,매수,14.642453,중립,0.047112584,중립,55.32,중립,153.22 (매수),매수,152.06 (매수),매수,7844424,3734억,,,,,,,,,,,,,,,,,,,,,,,,,,,,,,,
UnitedHealth,UNH,301.91,298.17,3.74,1.25,12.642797,중립,2.8908339,중립,0.22700001,매도,77.277,중립,2.82,중립,0.05391,중립,10.097324,중립,-0.39808625,매도,28.95,매수,297.75 (매수),매수,332.34 (매도),매도,13252250,2739억,,,,,,,,,,,,,,,,,,,,,,,,,,,,,,,
Exxon Mobil,XOM,102.3,102.69,-0.39,-0.38,13.567639,중립,1.6781222,중립,0.14302,중립,13.918,매수,3.86,매수,0.09726,중립,12.99873,중립,-0.12425381,매도,34.17,중립,102.73 (중립),중립,104.95 (매도),매도,28481157,4409억,,,,,,,,,,,,,,,,,,,,,,,,,,,,,,,
JPMorgan Chase,JPM,264.0,264.37,-0.37,-0.14,12.9538765,중립,2.2140594,중립,0.17352,중립,수집 실패,해석불가,2.12,중립,0.35382,매수,15.77061,중립,0.30469334,매수,67.82,중립,263.57 (중립),중립,260.21 (매수),매수,6798674,7337억,,,,,,,,,,,,,,,,,,,,,,,,,,,,,,,
Procter & Gamble,PG,169.89,168.56,1.33,0.79,26.966665,매도,7.7356343,매도,0.30294,매도,64.975,중립,2.51,중립,0.18464,매수,22.896227,중립,0.024431705,중립,80.56,매도,167.89 (매수),매수,162.89 (매수),매수,12584687,3983억,,,,,,,,,,,,,,,,,,,,,,,,,,,,,,,
Mastercard,MA,585.6,577.78,7.82,1.35,41.037136,매도,79.87996,매도,1.8770399,매도,280.795,매도,0.53,매수,0.45213002,매수,35.750916,매도,0.29237032,매수,61.49,중립,575.49 (매수),매수,572.99 (매수),매수,4580289,5318억,,,,,,,,,,,,,,,,,,,,,,,,,,,,,,,
Home Depot,HD,368.29,368.29,0.0,0.0,25.002716,매도,46.06504,매도,2.9951901,매도,778.781,매도,2.5,중립,0.08984,중립,23.608334,중립,0.09979987,중립,55.17,중립,367.55 (중립),중립,369.48 (중립),중립,4110248,3664억,,,,,,,,,,,,,,,,,,,,,,,,,,,,,,,
Chevron,CVX,136.7,137.91,-1.21,-0.88,15.640733,중립,1.5996162,중립,0.10079,중립,19.777,매수,4.96,매수,0.08026,중립,12.382246,중립,-0.15027726,매도,49.65,중립,137.00 (중립),중립,137.21 (중립),중립,7859363,2368억,,,,,,,,,,,,,,,,,,,,,,,,,,,,,,,
Eli Lilly,LLY,737.67,722.57,15.1,2.09,60.070847,매도,44.34445,매도,0.77278,매도,243.609,매도,0.83,매수,0.22665001,매수,32.55384,매도,-0.11918229,매도,51.25,중립,723.71 (매수),매수,746.80 (매도),매도,6099688,6622억,,,,,,,,,,,,,,,,,,,,,,,,,,,,,,,
Pfizer,PFE,23.49,23.45,0.04,0.17,17.02174,중립,1.4781952,중립,0.0862,매수,68.843,중립,7.33,매수,0.1262,중립,8.017065,매수,-0.18178648,매도,61.7,중립,23.41 (중립),중립,22.99 (매수),매수,26120140,1335억,,,,,,,,,,,,,,,,,,,,,,,,,,,,,,,
Coca-Cola,KO,72.1,71.49,0.61,0.85,28.955822,매도,11.84297,매도,0.38776,매도,180.05,매도,2.85,중립,0.22999,매수,24.276094,중립,0.13602412,중립,59.88,중립,71.66 (중립),중립,71.27 (매수),매수,11357461,3103억,,,,,,,,,,,,,,,,,,,,,,,,,,,,,,,
PepsiCo,PEP,131.45,131.92,-0.47,-0.36,19.359352,중립,9.814829,매도,0.49927,매도,261.849,매도,4.31,매수,0.10238,중립,15.23175,중립,-0.2370156,매도,53.34,중립,130.95 (중립),중립,131.14 (중립),중립,11224571,1802억,,,,,,,,,,,,,,,,,,,,,,,,,,,,,,,
Merck,MRK,76.84,76.4,0.44,0.58,11.168604,중립,4.0,매도,0.39293,매도,71.992,중립,4.24,매수,0.27274,매수,8.174468,매수,-0.391429,매도,52.16,중립,76.92 (중립),중립,77.69 (매도),매도,11002730,1929억,,,,,,,,,,,,,,,,,,,,,,,,,,,,,,,
AbbVie,ABBV,186.11,185.62,0.49,0.26,79.534195,매도,231.48009,매도,0.884,매도,4789.603,매도,3.53,매수,0.073130004,중립,15.342951,중립,0.15120316,중립,51.89,중립,184.76 (중립),중립,185.99 (중립),중립,11606643,3287억,,,,,,,,,,,,,,,,,,,,,,,,,,,,,,,
Walmart,WMT,98.72,97.1,1.62,1.67,42.188038,매도,9.437859,매도,0.21783,매도,74.138,중립,0.97,매수,0.02747,매도,36.294117,매도,0.47658145,매수,59.73,중립,97.40 (매수),매수,97.39 (매수),매수,29960955,7898억,,,,,,,,,,,,,,,,,,,,,,,,,,,,,,,
Intel,INTC,19.55,20.25,-0.7,-3.46,수집 실패,해석불가,0.854869,매수,-0.18127,매수,47.129,매수,수집 실패,해석불가,-0.36189,매도,20.154638,중립,-0.34359807,매도,32.78,중립,20.15 (매도),매도,20.88 (매도),매도,112628808,853억,,,,,,,,,,,,,,,,,,,,,,,,,,,,,,,
Cisco,CSCO,63.04,63.05,-0.01,-0.02,25.730612,매도,5.4344826,매도,0.21356001,매도,66.932,중립,2.6,중립,0.17604,매수,16.164103,중립,0.355914,매수,68.39,중립,63.26 (중립),중립,61.99 (매수),매수,24629876,2496억,,,,,,,,,,,,,,,,,,,,,,,,,,,,,,,
Comcast,CMCSA,34.57,34.28,0.29,0.85,8.514778,매수,1.4940144,중립,0.18049,중립,113.542,중립,3.85,매수,0.12714,중립,7.892694,매수,-0.14364225,매도,53.69,중립,34.59 (중립),중립,34.74 (중립),중립,26575327,1291억,,,,,,,,,,,,,,,,,,,,,,,,,,,,,,,
Qualcomm,QCOM,145.2,148.34,-3.14,-2.12,14.801222,중립,5.7603045,매도,0.42205003,매도,52.737,중립,2.4,중립,0.2611,매수,11.872445,중립,-0.27302134,매도,50.04,중립,147.03 (매도),매도,147.83 (매도),매도,13748480,1594억,,,,,,,,,,,,,,,,,,,,,,,,,,,,,,,
Broadcom,AVGO,242.07,241.97,0.1,0.04,112.5907,매도,4.08757,매도,0.14845,중립,166.032,매도,0.98,매수,0.18473,매수,39.233387,매도,0.821309,매수,83.84,매도,237.57 (매수),매수,224.15 (매수),매수,27033969,1.1조,,,,,,,,,,,,,,,,,,,,,,,,,,,,,,,
Thermo Fisher,TMO,402.82,403.75,-0.93,-0.23,23.639671,중립,3.0787926,매도,0.13704,중립,69.231,중립,0.43,매수,0.15185,매수,17.148575,중립,-0.2891475,매도,49.85,중립,401.18 (중립),중립,409.58 (매도),매도,2489517,1521억,,,,,,,,,,,,,,,,,,,,,,,,,,,,,,,
Nike,NKE,60.59,61.44,-0.85,-1.38,20.129568,중립,6.3893285,매도,0.31934,매도,85.065,중립,2.6,중립,0.09427,중립,18.758514,중립,-0.35360336,매도,56.26,중립,61.33 (매도),매도,60.68 (중립),중립,10639725,894억,,,,,,,,,,,,,,,,,,,,,,,,,,,,,,,
Oracle,ORCL,165.53,162.9,2.63,1.61,38.76581,매도,27.731613,매도,1.03741,매도,632.501,매도,1.23,중립,0.21799,매수,23.118715,중립,0.3900503,매수,71.81,매도,162.03 (매수),매수,157.23 (매수),매수,7404153,4642억,,,,,,,,,,,,,,,,,,,,,,,,,,,,,,,
Texas Instruments,TXN,182.85,184.99,-2.14,-1.16,34.696396,매도,10.131316,매도,0.29189,매도,78.313,중립,2.94,중립,0.30363,매수,31.09694,매도,-0.051382005,중립,62.68,중립,182.31 (중립),중립,179.20 (매수),매수,14232159,1661억,,,,,,,,,,,,,,,,,,,,,,,,,,,,,,,
IBM,IBM,259.06,258.69,0.37,0.14,44.28376,매도,8.957195,매도,0.21851,매도,247.978,매도,2.6,중립,0.087110005,중립,24.416588,중립,0.55043447,매수,62.15,중립,259.97 (중립),중립,257.51 (중립),중립,9667331,2408억,,,,,,,,,,,,,,,,,,,,,,,,,,,,,,,
Salesforce,CRM,265.37,266.92,-1.55,-0.58,41.594044,매도,4.190538,매도,0.10312,중립,19.813,매수,0.62,매수,0.16079001,매수,23.842766,중립,0.13854289,중립,40.48,중립,271.73 (매도),매도,280.26 (매도),매도,9176920,2537억,,,,,,,,,,,,,,,,,,,,,,,,,,,,,,,
Adobe,ADBE,415.09,413.36,1.73,0.42,27.434896,매도,13.788991,매도,0.47284,매도,50.118,중립,수집 실패,해석불가,0.30635,매수,20.199028,중립,-0.070599854,중립,76.45,매도,412.29 (중립),중립,401.99 (매수),매수,4210395,1769억,,,,,,,,,,,,,,,,,,,,,,,,,,,,,,,
Costco,COST,1040.18,1008.74,31.44,3.12,58.833714,매도,19.512646,매도,0.3208,매도,30.157,매수,0.52,매수,0.02918,매도,52.854675,매도,0.24552715,매수,60.28,중립,1017.67 (매수),매수,1015.13 (매수),매수,5247947,4615억,,,,,,,,,,,,,,,,,,,,,,,,,,,,,,,
Amgen,AMGN,288.18,283.54,4.64,1.64,26.269825,매도,24.963617,매도,1.0567299,매도,924.456,매도,3.36,매수,0.17386,매수,13.941944,중립,-0.07294428,중립,70.21,매도,280.25 (매수),매수,273.43 (매수),매수,5436500,1550억,,,,,,,,,,,,,,,,,,,,,,,,,,,,,,,
Intuit,INTU,753.47,757.22,-3.75,-0.5,61.70925,매도,10.4484625,매도,0.17839001,중립,수집 실패,해석불가,0.55,매수,0.19072,매수,33.894287,매도,0.3136146,매수,83.56,매도,747.45 (중립),중립,677.52 (매수),매수,2874197,2112억,,,,,,,,,,,,,,,,,,,,,,,,,,,,,,,
Netflix,NFLX,1207.23,1184.86,22.37,1.89,56.917965,매도,21.387344,매도,0.40842,매도,72.513,중립,수집 실패,해석불가,0.23074,매수,50.76661,매도,0.8466693,매수,66.81,중립,1199.52 (중립),중립,1170.05 (매수),매수,4667617,5138억,,,,,,,,,,,,,,,,,,,,,,,,,,,,,,,
AMD,AMD,110.73,113.03,-2.3,-2.03,80.82482,매도,3.0915487,매도,0.03904,매수,8.174,매수,수집 실패,해석불가,0.080249995,중립,21.711765,중립,-0.32276815,매도,61.25,중립,112.30 (매도),매도,109.29 (매수),매수,35848230,1795억,,,,,,,,,,,,,,,,,,,,,,,,,,,,,,,
Starbucks,SBUX,83.95,84.05,-0.1,-0.12,30.527271,매도,-12.5130415,매수,수집 실패,해석불가,수집 실패,해석불가,2.9,중립,0.08609,중립,22.567204,중립,0.047743678,중립,60.37,중립,85.08 (매도),매도,84.15 (중립),중립,7348475,954억,,,,,,,,,,,,,,,,,,,,,,,,,,,,,,,
Gilead Sciences,GILD,110.08,111.11,-1.03,-0.93,23.126049,중립,7.152232,매도,0.32654998,매도,130.789,중립,2.84,중립,0.20759001,매수,14.815613,중립,0.7288004,매수,70.48,매도,109.22 (중립),중립,104.03 (매수),매수,11843223,1369억,,,,,,,,,,,,,,,,,,,,,,,,,,,,,,,
Booking Holdings,BKNG,5518.93,5502.0,16.93,0.31,34.351612,매도,-29.526258,매수,수집 실패,해석불가,수집 실패,해석불가,0.7,매수,0.22582,매수,26.299404,매도,0.45696247,매수,80.75,매도,5456.15 (매수),매수,5291.19 (매수),매수,201417,1796억,,,,,,,,,,,,,,,,,,,,,,,,,,,,,,,
PayPal,PYPL,70.28,70.93,-0.65,-0.92,15.793259,중립,3.3971384,매도,0.22198999,매도,66.041,중립,수집 실패,해석불가,0.14255999,중립,14.372189,중립,0.12605178,중립,50.1,중립,70.80 (중립),중립,70.82 (중립),중립,14933549,683억,,,,,,,,,,,,,,,,,,,,,,,,,,,,,,,
General Electric,GE,245.91,244.16,1.75,0.72,38.725986,매도,13.621559,매도,0.27197,매도,106.4,중립,0.59,매수,0.17628,매수,46.929394,매도,0.4785031,매수,87.75,매도,241.66 (매수),매수,226.61 (매수),매수,9140542,2622억,,,,,,,,,,,,,,,,,,,,,,,,,,,,,,,
3M,MMM,148.35,149.63,-1.28,-0.86,18.451494,중립,17.884268,매도,0.93824,매도,312.492,매도,1.95,중립,0.17791,매수,18.778482,중립,0.4942081,매수,61.24,중립,148.75 (중립),중립,146.73 (매수),매수,5262429,798억,,,,,,,,,,,,,,,,,,,,,,,,,,,,,,,
CVS Health,CVS,64.04,62.78,1.26,2.01,14.997659,중립,1.0505594,중립,0.06934,매수,105.321,중립,4.24,매수,0.01401,매도,9.882716,매수,0.053355694,중립,41.85,중립,62.29 (매수),매수,63.55 (중립),중립,13305714,810억,,,,,,,,,,,,,,,,,,,,,,,,,,,,,,,
Ford,F,10.38,10.22,0.16,1.57,8.304,매수,0.9247216,매수,0.11497,중립,353.298,매도,7.34,매수,0.02744,매도,5.9314284,매수,-0.15746087,매도,53.68,중립,10.29 (중립),중립,10.41 (중립),중립,132007518,413억,,,,,,,,,,,,,,,,,,,,,,,,,,,,,,,
,,,,,,,,,,,,,,,,,,,,,,,,,,,,,,,,,,,,,,,,,,,,,,,,,,,,,,,,,,,,
[미국 거시지표],,,,,,,,,,,,,,,,,,,,,,,,,,,,,,,,,,,,,,,,,,,,,,,,,,,,,,,,,,,,
,,,,,,,,,,,,,,,,,,,,,,,,,,,,,,국내총생산,GDP,2025-01-01,29976.638,,,,,,,,,,,,,,,,,,,,,,,,,,,
,,,,,,,,,,,,,,,,,,,,,,,,,,,,,,연방기금금리,FEDFUNDS,2025-04-01,4.33,,,,,,,,,,,,,,,,,,,,,,,,,,,
,,,,,,,,,,,,,,,,,,,,,,,,,,,,,,실업률,UNRATE,2025-04-01,4.2,,,,,,,,,,,,,,,,,,,,,,,,,,,
,,,,,,,,,,,,,,,,,,,,,,,,,,,,,,소비자물가지수,CPIAUCNS,2025-04-01,320.795,,,,,,,,,,,,,,,,,,,,,,,,,,,
,,,,,,,,,,,,,,,,,,,,,,,,,,,,,,근원 CPI,CPILFESL,2025-04-01,326.43,,,,,,,,,,,,,,,,,,,,,,,,,,,
,,,,,,,,,,,,,,,,,,,,,,,,,,,,,,개인소비지출,PCE,2025-04-01,20669.5,,,,,,,,,,,,,,,,,,,,,,,,,,,
,,,,,,,,,,,,,,,,,,,,,,,,,,,,,,소비자심리지수,UMCSENT,2025-04-01,52.2,,,,,,,,,,,,,,,,,,,,,,,,,,,
,,,,,,,,,,,,,,,,,,,,,,,,,,,,,,신규 실업수당청구건수,ICSA,2025-05-24,240000.0,,,,,,,,,,,,,,,,,,,,,,,,,,,
,,,,,,,,,,,,,,,,,,,,,,,,,,,,,,10년 국채 수익률,GS10,2025-04-01,4.28,,,,,,,,,,,,,,,,,,,,,,,,,,,
,,,,,,,,,,,,,,,,,,,,,,,,,,,,,,경기 선행지수,USSLIND,2020-02-01,1.72,,,,,,,,,,,,,,,,,,,,,,,,,,,
,,,,,,,,,,,,,,,,,,,,,,,,,,,,,,,,,,,,,,,,,,,,,,,,,,,,,,,,,,,,
[한국 거시지표],,,,,,,,,,,,,,,,,,,,,,,,,,,,,,,,,,,,,,,,,,,,,,,,,,,,,,,,,,,,
,,,,,,,,,,,,,,,,,,,,,,,,,,,,,,한국은행 기준금리,,N/A,2.5,,,,,,,,,,,,,,,,,,,,,,,,,,,%
,,,,,,,,,,,,,,,,,,,,,,,,,,,,,,콜금리(익일물),,N/A,2.548,,,,,,,,,,,,,,,,,,,,,,,,,,,%
,,,,,,,,,,,,,,,,,,,,,,,,,,,,,,예금은행 수신금리,,N/A,2.71,,,,,,,,,,,,,,,,,,,,,,,,,,,%
,,,,,,,,,,,,,,,,,,,,,,,,,,,,,,예금은행 대출금리,,N/A,4.19,,,,,,,,,,,,,,,,,,,,,,,,,,,%
,,,,,,,,,,,,,,,,,,,,,,,,,,,,,,가계신용,,N/A,1928734.5,,,,,,,,,,,,,,,,,,,,,,,,,,,십억원
,,,,,,,,,,,,,,,,,,,,,,,,,,,,,,"M2(광의통화, 평잔)",,N/A,4244128,,,,,,,,,,,,,,,,,,,,,,,,,,,십억원
,,,,,,,,,,,,,,,,,,,,,,,,,,,,,,원/달러 환율(종가),,N/A,1380.1,,,,,,,,,,,,,,,,,,,,,,,,,,,원
,,,,,,,,,,,,,,,,,,,,,,,,,,,,,,원/위안 환율(종가),,N/A,191.93,,,,,,,,,,,,,,,,,,,,,,,,,,,원
,,,,,,,,,,,,,,,,,,,,,,,,,,,,,,"GDP(명목, 계절조정)",,N/A,647066.6,,,,,,,,,,,,,,,,,,,,,,,,,,,십억원
,,,,,,,,,,,,,,,,,,,,,,,,,,,,,,실업률,,N/A,2.9,,,,,,,,,,,,,,,,,,,,,,,,,,,%
